type, client, tx, amount
deposit, 1,1, 1.01010913
deposit,2,2,2.0222209130
deposit, 1,3,2.03019301
 withdrawal, 1,  4,1.55550190193
withdrawal,2,5,3.0033818181
